"year","state","sex","births"
1981,"AK","boy",4721
1982,"AK","boy",5139
1983,"AK","boy",5662
1984,"AK","boy",5909
1985,"AK","boy",6413
1986,"AK","boy",6599
1987,"AK","boy",6490
1988,"AK","boy",6250
1989,"AK","boy",6148
1990,"AK","boy",6134
1991,"AK","boy",5861
1992,"AK","boy",5687
1993,"AK","boy",5480
1994,"AK","boy",5210
1995,"AK","boy",4968
1996,"AK","boy",4863
1997,"AK","boy",4893
1998,"AK","boy",4881
1999,"AK","boy",4838
2000,"AK","boy",4902
2001,"AK","boy",4857
2002,"AK","boy",4808
2003,"AK","boy",4929
2004,"AK","boy",5072
2005,"AK","boy",5337
2006,"AK","boy",5582
1981,"AL","boy",31828
1982,"AL","boy",31428
1983,"AL","boy",30795
1984,"AL","boy",29644
1985,"AL","boy",30124
1986,"AL","boy",30035
1987,"AL","boy",29940
1988,"AL","boy",30162
1989,"AL","boy",30712
1990,"AL","boy",30741
1991,"AL","boy",31015
1992,"AL","boy",31083
1993,"AL","boy",30687
1994,"AL","boy",30138
1995,"AL","boy",29818
1996,"AL","boy",29405
1997,"AL","boy",29887
1998,"AL","boy",29910
1999,"AL","boy",30075
2000,"AL","boy",30593
2001,"AL","boy",31719
2002,"AL","boy",30165
2003,"AL","boy",30172
2004,"AL","boy",30497
2005,"AL","boy",30994
2006,"AL","boy",31415
1981,"AR","boy",19122
1982,"AR","boy",18731
1983,"AR","boy",18308
1984,"AR","boy",17604
1985,"AR","boy",17759
1986,"AR","boy",17501
1987,"AR","boy",17332
1988,"AR","boy",17356
1989,"AR","boy",17499
1990,"AR","boy",17553
1991,"AR","boy",17578
1992,"AR","boy",17512
1993,"AR","boy",17157
1994,"AR","boy",17274
1995,"AR","boy",17761
1996,"AR","boy",18017
1997,"AR","boy",18071
1998,"AR","boy",18226
1999,"AR","boy",18350
2000,"AR","boy",18658
2001,"AR","boy",19310
2002,"AR","boy",19141
2003,"AR","boy",19464
2004,"AR","boy",19569
2005,"AR","boy",19993
2006,"AR","boy",20686
1981,"AZ","boy",25091
1982,"AZ","boy",25770
1983,"AZ","boy",26376
1984,"AZ","boy",26524
1985,"AZ","boy",28160
1986,"AZ","boy",28916
1987,"AZ","boy",29796
1988,"AZ","boy",30709
1989,"AZ","boy",32142
1990,"AZ","boy",33276
1991,"AZ","boy",34384
1992,"AZ","boy",34299
1993,"AZ","boy",34617
1994,"AZ","boy",34862
1995,"AZ","boy",36347
1996,"AZ","boy",37001
1997,"AZ","boy",37137
1998,"AZ","boy",38549
1999,"AZ","boy",39614
2000,"AZ","boy",40282
2001,"AZ","boy",43470
2002,"AZ","boy",43777
2003,"AZ","boy",45502
2004,"AZ","boy",47112
2005,"AZ","boy",48761
2006,"AZ","boy",51380
1981,"CA","boy",203950
1982,"CA","boy",211968
1983,"CA","boy",219043
1984,"CA","boy",219496
1985,"CA","boy",231676
1986,"CA","boy",237919
1987,"CA","boy",243417
1988,"CA","boy",252620
1989,"CA","boy",266476
1990,"CA","boy",287388
1991,"CA","boy",306051
1992,"CA","boy",298354
1993,"CA","boy",289336
1994,"CA","boy",280476
1995,"CA","boy",271061
1996,"CA","boy",262103
1997,"CA","boy",254334
1998,"CA","boy",250466
1999,"CA","boy",249015
2000,"CA","boy",251844
2001,"CA","boy",266523
2002,"CA","boy",263368
2003,"CA","boy",269909
2004,"CA","boy",271277
2005,"CA","boy",274617
2006,"CA","boy",280484
1981,"CO","boy",25700
1982,"CO","boy",26553
1983,"CO","boy",27306
1984,"CO","boy",26893
1985,"CO","boy",27765
1986,"CO","boy",27806
1987,"CO","boy",27512
1988,"CO","boy",27028
1989,"CO","boy",26825
1990,"CO","boy",27340
1991,"CO","boy",27141
1992,"CO","boy",27391
1993,"CO","boy",27150
1994,"CO","boy",26990
1995,"CO","boy",27325
1996,"CO","boy",27836
1997,"CO","boy",28623
1998,"CO","boy",29725
1999,"CO","boy",30794
2000,"CO","boy",31637
2001,"CO","boy",34156
2002,"CO","boy",34540
2003,"CO","boy",35042
2004,"CO","boy",34560
2005,"CO","boy",34927
2006,"CO","boy",35859
1981,"CT","boy",20392
1982,"CT","boy",20524
1983,"CT","boy",20763
1984,"CT","boy",20488
1985,"CT","boy",21507
1986,"CT","boy",22176
1987,"CT","boy",22678
1988,"CT","boy",23523
1989,"CT","boy",24505
1990,"CT","boy",25425
1991,"CT","boy",24419
1992,"CT","boy",23972
1993,"CT","boy",23529
1994,"CT","boy",22965
1995,"CT","boy",22592
1996,"CT","boy",22088
1997,"CT","boy",21791
1998,"CT","boy",21769
1999,"CT","boy",21815
2000,"CT","boy",22060
2001,"CT","boy",22069
2002,"CT","boy",21731
2003,"CT","boy",22035
2004,"CT","boy",21940
2005,"CT","boy",21050
2006,"CT","boy",21224
1981,"DC","boy",3937
1982,"DC","boy",4039
1983,"DC","boy",4106
1984,"DC","boy",4155
1985,"DC","boy",4428
1986,"DC","boy",4533
1987,"DC","boy",4593
1988,"DC","boy",4627
1989,"DC","boy",4758
1990,"DC","boy",4565
1991,"DC","boy",4617
1992,"DC","boy",4375
1993,"DC","boy",4230
1994,"DC","boy",4091
1995,"DC","boy",3740
1996,"DC","boy",3472
1997,"DC","boy",3345
1998,"DC","boy",3220
1999,"DC","boy",3311
2000,"DC","boy",3378
2001,"DC","boy",3824
2002,"DC","boy",3634
2003,"DC","boy",3632
2004,"DC","boy",3845
2005,"DC","boy",4117
2006,"DC","boy",4009
1981,"DE","boy",4705
1982,"DE","boy",4786
1983,"DE","boy",4823
1984,"DE","boy",4714
1985,"DE","boy",4866
1986,"DE","boy",4906
1987,"DE","boy",4917
1988,"DE","boy",5027
1989,"DE","boy",5210
1990,"DE","boy",5462
1991,"DE","boy",5510
1992,"DE","boy",5389
1993,"DE","boy",5245
1994,"DE","boy",5181
1995,"DE","boy",5086
1996,"DE","boy",5045
1997,"DE","boy",5106
1998,"DE","boy",5196
1999,"DE","boy",5274
2000,"DE","boy",5378
2001,"DE","boy",5540
2002,"DE","boy",5507
2003,"DE","boy",5811
2004,"DE","boy",5721
2005,"DE","boy",5862
2006,"DE","boy",6085
1981,"FL","boy",67400
1982,"FL","boy",69660
1983,"FL","boy",71656
1984,"FL","boy",72422
1985,"FL","boy",77423
1986,"FL","boy",80630
1987,"FL","boy",83198
1988,"FL","boy",86895
1989,"FL","boy",91310
1990,"FL","boy",96474
1991,"FL","boy",98225
1992,"FL","boy",96053
1993,"FL","boy",96069
1994,"FL","boy",94743
1995,"FL","boy",93190
1996,"FL","boy",93116
1997,"FL","boy",94176
1998,"FL","boy",94934
1999,"FL","boy",95887
2000,"FL","boy",97032
2001,"FL","boy",105835
2002,"FL","boy",106332
2003,"FL","boy",108108
2004,"FL","boy",111539
2005,"FL","boy",116419
2006,"FL","boy",121833
1981,"GA","boy",46410
1982,"GA","boy",46787
1983,"GA","boy",46687
1984,"GA","boy",45823
1985,"GA","boy",47686
1986,"GA","boy",48555
1987,"GA","boy",49512
1988,"GA","boy",51261
1989,"GA","boy",53663
1990,"GA","boy",55016
1991,"GA","boy",54896
1992,"GA","boy",55087
1993,"GA","boy",54940
1994,"GA","boy",54802
1995,"GA","boy",55095
1996,"GA","boy",55647
1997,"GA","boy",57321
1998,"GA","boy",59331
1999,"GA","boy",61456
2000,"GA","boy",63207
2001,"GA","boy",68617
2002,"GA","boy",67945
2003,"GA","boy",68390
2004,"GA","boy",71035
2005,"GA","boy",72999
2006,"GA","boy",75304
1981,"HI","boy",9246
1982,"HI","boy",9384
1983,"HI","boy",9543
1984,"HI","boy",9333
1985,"HI","boy",9496
1986,"HI","boy",9373
1987,"HI","boy",9278
1988,"HI","boy",9382
1989,"HI","boy",9528
1990,"HI","boy",9617
1991,"HI","boy",9830
1992,"HI","boy",9716
1993,"HI","boy",9579
1994,"HI","boy",9323
1995,"HI","boy",8942
1996,"HI","boy",8486
1997,"HI","boy",8176
1998,"HI","boy",8000
1999,"HI","boy",7951
2000,"HI","boy",7847
2001,"HI","boy",7424
2002,"HI","boy",7568
2003,"HI","boy",8145
2004,"HI","boy",8634
2005,"HI","boy",8772
2006,"HI","boy",9666
1981,"IA","boy",24903
1982,"IA","boy",24454
1983,"IA","boy",23698
1984,"IA","boy",22501
1985,"IA","boy",22194
1986,"IA","boy",21284
1987,"IA","boy",20332
1988,"IA","boy",19973
1989,"IA","boy",19952
1990,"IA","boy",20082
1991,"IA","boy",19336
1992,"IA","boy",19270
1993,"IA","boy",18961
1994,"IA","boy",18567
1995,"IA","boy",18434
1996,"IA","boy",18482
1997,"IA","boy",18641
1998,"IA","boy",18675
1999,"IA","boy",18894
2000,"IA","boy",19282
2001,"IA","boy",19521
2002,"IA","boy",19482
2003,"IA","boy",19660
2004,"IA","boy",19571
2005,"IA","boy",19510
2006,"IA","boy",20420
1981,"ID","boy",10655
1982,"ID","boy",10602
1983,"ID","boy",10373
1984,"ID","boy",9834
1985,"ID","boy",9713
1986,"ID","boy",9303
1987,"ID","boy",8801
1988,"ID","boy",8508
1989,"ID","boy",8427
1990,"ID","boy",8648
1991,"ID","boy",8509
1992,"ID","boy",8760
1993,"ID","boy",8943
1994,"ID","boy",8964
1995,"ID","boy",9139
1996,"ID","boy",9390
1997,"ID","boy",9519
1998,"ID","boy",9748
1999,"ID","boy",9975
2000,"ID","boy",10195
2001,"ID","boy",10711
2002,"ID","boy",10679
2003,"ID","boy",11038
2004,"ID","boy",11549
2005,"ID","boy",11586
2006,"ID","boy",12194
1981,"IL","boy",95142
1982,"IL","boy",95003
1983,"IL","boy",94130
1984,"IL","boy",91421
1985,"IL","boy",92567
1986,"IL","boy",91652
1987,"IL","boy",90385
1988,"IL","boy",90386
1989,"IL","boy",91832
1990,"IL","boy",94230
1991,"IL","boy",95297
1992,"IL","boy",95291
1993,"IL","boy",94040
1994,"IL","boy",92993
1995,"IL","boy",91667
1996,"IL","boy",89619
1997,"IL","boy",88899
1998,"IL","boy",88100
1999,"IL","boy",88454
2000,"IL","boy",89731
2001,"IL","boy",93948
2002,"IL","boy",91851
2003,"IL","boy",92243
2004,"IL","boy",92878
2005,"IL","boy",91022
2006,"IL","boy",91247
1981,"IN","boy",45604
1982,"IN","boy",44837
1983,"IN","boy",43632
1984,"IN","boy",41643
1985,"IN","boy",41866
1986,"IN","boy",41239
1987,"IN","boy",40740
1988,"IN","boy",40953
1989,"IN","boy",41951
1990,"IN","boy",42577
1991,"IN","boy",42267
1992,"IN","boy",42462
1993,"IN","boy",42008
1994,"IN","boy",41693
1995,"IN","boy",41750
1996,"IN","boy",41553
1997,"IN","boy",42210
1998,"IN","boy",42519
1999,"IN","boy",42963
2000,"IN","boy",43710
2001,"IN","boy",45215
2002,"IN","boy",43687
2003,"IN","boy",44016
2004,"IN","boy",45326
2005,"IN","boy",43789
2006,"IN","boy",44775
2005,"KR","boy",2367
1981,"KS","boy",21011
1982,"KS","boy",21154
1983,"KS","boy",21050
1984,"KS","boy",20388
1985,"KS","boy",20698
1986,"KS","boy",20266
1987,"KS","boy",19987
1988,"KS","boy",19837
1989,"KS","boy",19909
1990,"KS","boy",19876
1991,"KS","boy",19060
1992,"KS","boy",19095
1993,"KS","boy",18827
1994,"KS","boy",18781
1995,"KS","boy",18669
1996,"KS","boy",18503
1997,"KS","boy",18987
1998,"KS","boy",19417
1999,"KS","boy",19618
2000,"KS","boy",19956
2001,"KS","boy",19828
2002,"KS","boy",19774
2003,"KS","boy",20104
2004,"KS","boy",19952
2005,"KS","boy",19534
2006,"KS","boy",19968
1981,"KY","boy",30442
1982,"KY","boy",30056
1983,"KY","boy",29335
1984,"KY","boy",28076
1985,"KY","boy",28053
1986,"KY","boy",27406
1987,"KY","boy",26691
1988,"KY","boy",26339
1989,"KY","boy",26448
1990,"KY","boy",26839
1991,"KY","boy",26913
1992,"KY","boy",27102
1993,"KY","boy",26759
1994,"KY","boy",26775
1995,"KY","boy",26632
1996,"KY","boy",26442
1997,"KY","boy",27021
1998,"KY","boy",26967
1999,"KY","boy",27018
2000,"KY","boy",27471
2001,"KY","boy",28685
2002,"KY","boy",27911
2003,"KY","boy",28165
2004,"KY","boy",28321
2005,"KY","boy",28335
2006,"KY","boy",28325
1981,"LA","boy",41178
1982,"LA","boy",41680
1983,"LA","boy",41601
1984,"LA","boy",40271
1985,"LA","boy",40828
1986,"LA","boy",40057
1987,"LA","boy",38430
1988,"LA","boy",37136
1989,"LA","boy",36281
1990,"LA","boy",34736
1991,"LA","boy",35015
1992,"LA","boy",35123
1993,"LA","boy",34091
1994,"LA","boy",33416
1995,"LA","boy",32413
1996,"LA","boy",31728
1997,"LA","boy",32018
1998,"LA","boy",32549
1999,"LA","boy",32852
2000,"LA","boy",33164
2001,"LA","boy",33446
2002,"LA","boy",33214
2003,"LA","boy",33004
2004,"LA","boy",33543
2005,"LA","boy",31732
2006,"LA","boy",27163
1981,"MA","boy",37403
1982,"MA","boy",37645
1983,"MA","boy",37991
1984,"MA","boy",37590
1985,"MA","boy",39522
1986,"MA","boy",40551
1987,"MA","boy",41431
1988,"MA","boy",42754
1989,"MA","boy",44605
1990,"MA","boy",46618
1991,"MA","boy",44329
1992,"MA","boy",43469
1993,"MA","boy",42640
1994,"MA","boy",42093
1995,"MA","boy",41703
1996,"MA","boy",40588
1997,"MA","boy",40234
1998,"MA","boy",40111
1999,"MA","boy",39828
2000,"MA","boy",40398
2001,"MA","boy",41257
2002,"MA","boy",40345
2003,"MA","boy",40348
2004,"MA","boy",39776
2005,"MA","boy",38568
2006,"MA","boy",38509
1981,"MD","boy",30696
1982,"MD","boy",31197
1983,"MD","boy",31552
1984,"MD","boy",31570
1985,"MD","boy",33183
1986,"MD","boy",34252
1987,"MD","boy",35266
1988,"MD","boy",36902
1989,"MD","boy",38679
1990,"MD","boy",40361
1991,"MD","boy",40230
1992,"MD","boy",39365
1993,"MD","boy",38279
1994,"MD","boy",37540
1995,"MD","boy",37007
1996,"MD","boy",36022
1997,"MD","boy",36262
1998,"MD","boy",36079
1999,"MD","boy",35613
2000,"MD","boy",36030
2001,"MD","boy",37282
2002,"MD","boy",37352
2003,"MD","boy",37553
2004,"MD","boy",38402
2005,"MD","boy",38562
2006,"MD","boy",39371
1981,"ME","boy",8607
1982,"ME","boy",8599
1983,"ME","boy",8530
1984,"ME","boy",8289
1985,"ME","boy",8490
1986,"ME","boy",8503
1987,"ME","boy",8491
1988,"ME","boy",8599
1989,"ME","boy",8788
1990,"ME","boy",9030
1991,"ME","boy",8384
1992,"ME","boy",8112
1993,"ME","boy",7690
1994,"ME","boy",7339
1995,"ME","boy",7113
1996,"ME","boy",7020
1997,"ME","boy",7000
1998,"ME","boy",6946
1999,"ME","boy",6882
2000,"ME","boy",6991
2001,"ME","boy",7196
2002,"ME","boy",7070
2003,"ME","boy",7260
2004,"ME","boy",7333
2005,"ME","boy",7193
2006,"ME","boy",7105
1981,"MI","boy",74849
1982,"MI","boy",73540
1983,"MI","boy",71792
1984,"MI","boy",68960
1985,"MI","boy",70259
1986,"MI","boy",70502
1987,"MI","boy",71003
1988,"MI","boy",72631
1989,"MI","boy",75058
1990,"MI","boy",77753
1991,"MI","boy",74103
1992,"MI","boy",72461
1993,"MI","boy",70430
1994,"MI","boy",68830
1995,"MI","boy",67980
1996,"MI","boy",66938
1997,"MI","boy",67140
1998,"MI","boy",66748
1999,"MI","boy",66866
2000,"MI","boy",68052
2001,"MI","boy",69247
2002,"MI","boy",67145
2003,"MI","boy",66688
2004,"MI","boy",66814
2005,"MI","boy",65191
2006,"MI","boy",64921
1981,"MN","boy",35361
1982,"MN","boy",35674
1983,"MN","boy",35322
1984,"MN","boy",33952
1985,"MN","boy",34551
1986,"MN","boy",34160
1987,"MN","boy",33605
1988,"MN","boy",33937
1989,"MN","boy",34509
1990,"MN","boy",35428
1991,"MN","boy",33342
1992,"MN","boy",33165
1993,"MN","boy",32580
1994,"MN","boy",32191
1995,"MN","boy",31932
1996,"MN","boy",32069
1997,"MN","boy",32532
1998,"MN","boy",32620
1999,"MN","boy",33109
2000,"MN","boy",33828
2001,"MN","boy",34735
2002,"MN","boy",34070
2003,"MN","boy",35190
2004,"MN","boy",36027
2005,"MN","boy",35632
2006,"MN","boy",36735
1981,"MO","boy",39825
1982,"MO","boy",39681
1983,"MO","boy",39147
1984,"MO","boy",38115
1985,"MO","boy",38829
1986,"MO","boy",38546
1987,"MO","boy",38167
1988,"MO","boy",38207
1989,"MO","boy",38535
1990,"MO","boy",39171
1991,"MO","boy",38842
1992,"MO","boy",38403
1993,"MO","boy",37546
1994,"MO","boy",36687
1995,"MO","boy",36574
1996,"MO","boy",36613
1997,"MO","boy",36892
1998,"MO","boy",37187
1999,"MO","boy",37182
2000,"MO","boy",37759
2001,"MO","boy",38732
2002,"MO","boy",38699
2003,"MO","boy",38989
2004,"MO","boy",39967
2005,"MO","boy",39487
2006,"MO","boy",40717
1981,"MS","boy",23607
1982,"MS","boy",23583
1983,"MS","boy",23264
1984,"MS","boy",22452
1985,"MS","boy",22716
1986,"MS","boy",22190
1987,"MS","boy",21461
1988,"MS","boy",21013
1989,"MS","boy",21018
1990,"MS","boy",20584
1991,"MS","boy",20733
1992,"MS","boy",21172
1993,"MS","boy",20816
1994,"MS","boy",20603
1995,"MS","boy",20352
1996,"MS","boy",20003
1997,"MS","boy",20428
1998,"MS","boy",20829
1999,"MS","boy",21063
2000,"MS","boy",21458
2001,"MS","boy",21986
2002,"MS","boy",21034
2003,"MS","boy",21396
2004,"MS","boy",21947
2005,"MS","boy",22319
2006,"MS","boy",22762
1981,"MT","boy",7415
1982,"MT","boy",7491
1983,"MT","boy",7484
1984,"MT","boy",7270
1985,"MT","boy",7355
1986,"MT","boy",7049
1987,"MT","boy",6674
1988,"MT","boy",6365
1989,"MT","boy",6167
1990,"MT","boy",6103
1991,"MT","boy",5754
1992,"MT","boy",5816
1993,"MT","boy",5728
1994,"MT","boy",5617
1995,"MT","boy",5570
1996,"MT","boy",5560
1997,"MT","boy",5483
1998,"MT","boy",5474
1999,"MT","boy",5516
2000,"MT","boy",5600
2001,"MT","boy",5476
2002,"MT","boy",5672
2003,"MT","boy",5756
2004,"MT","boy",5828
2005,"MT","boy",5845
2006,"MT","boy",6185
1981,"NC","boy",43369
1982,"NC","boy",43569
1983,"NC","boy",43304
1984,"NC","boy",42293
1985,"NC","boy",43840
1986,"NC","boy",44651
1987,"NC","boy",45339
1988,"NC","boy",46820
1989,"NC","boy",49078
1990,"NC","boy",51062
1991,"NC","boy",51229
1992,"NC","boy",51102
1993,"NC","boy",50509
1994,"NC","boy",50223
1995,"NC","boy",50356
1996,"NC","boy",50882
1997,"NC","boy",52431
1998,"NC","boy",54181
1999,"NC","boy",55928
2000,"NC","boy",57240
2001,"NC","boy",60949
2002,"NC","boy",60070
2003,"NC","boy",60250
2004,"NC","boy",60692
2005,"NC","boy",62665
2006,"NC","boy",65537
1981,"ND","boy",6288
1982,"ND","boy",6378
1983,"ND","boy",6383
1984,"ND","boy",6181
1985,"ND","boy",6182
1986,"ND","boy",5949
1987,"ND","boy",5619
1988,"ND","boy",5303
1989,"ND","boy",5069
1990,"ND","boy",4794
1991,"ND","boy",4307
1992,"ND","boy",4302
1993,"ND","boy",4299
1994,"ND","boy",4285
1995,"ND","boy",4252
1996,"ND","boy",4200
1997,"ND","boy",4179
1998,"ND","boy",4049
1999,"ND","boy",3907
2000,"ND","boy",3990
2001,"ND","boy",3740
2002,"ND","boy",3830
2003,"ND","boy",3989
2004,"ND","boy",4004
2005,"ND","boy",4171
2006,"ND","boy",4326
1981,"NE","boy",14000
1982,"NE","boy",14041
1983,"NE","boy",13899
1984,"NE","boy",13478
1985,"NE","boy",13615
1986,"NE","boy",13281
1987,"NE","boy",12833
1988,"NE","boy",12655
1989,"NE","boy",12640
1990,"NE","boy",12613
1991,"NE","boy",11936
1992,"NE","boy",11718
1993,"NE","boy",11527
1994,"NE","boy",11536
1995,"NE","boy",11586
1996,"NE","boy",11610
1997,"NE","boy",11732
1998,"NE","boy",11799
1999,"NE","boy",11874
2000,"NE","boy",12184
2001,"NE","boy",12635
2002,"NE","boy",12732
2003,"NE","boy",13217
2004,"NE","boy",13527
2005,"NE","boy",13238
2006,"NE","boy",13319
1981,"NH","boy",6980
1982,"NH","boy",7074
1983,"NH","boy",7041
1984,"NH","boy",6942
1985,"NH","boy",7256
1986,"NH","boy",7555
1987,"NH","boy",7818
1988,"NH","boy",8269
1989,"NH","boy",8718
1990,"NH","boy",9114
1991,"NH","boy",8198
1992,"NH","boy",8054
1993,"NH","boy",7838
1994,"NH","boy",7683
1995,"NH","boy",7536
1996,"NH","boy",7398
1997,"NH","boy",7378
1998,"NH","boy",7342
1999,"NH","boy",7227
2000,"NH","boy",7302
2001,"NH","boy",7702
2002,"NH","boy",7797
2003,"NH","boy",7652
2004,"NH","boy",7496
2005,"NH","boy",7843
2006,"NH","boy",7778
1981,"NJ","boy",49980
1982,"NJ","boy",49772
1983,"NJ","boy",49631
1984,"NJ","boy",48848
1985,"NJ","boy",50901
1986,"NJ","boy",52247
1987,"NJ","boy",53588
1988,"NJ","boy",55592
1989,"NJ","boy",57883
1990,"NJ","boy",60374
1991,"NJ","boy",60383
1992,"NJ","boy",60086
1993,"NJ","boy",59001
1994,"NJ","boy",58288
1995,"NJ","boy",57553
1996,"NJ","boy",56300
1997,"NJ","boy",55763
1998,"NJ","boy",55632
1999,"NJ","boy",56197
2000,"NJ","boy",56969
2001,"NJ","boy",56816
2002,"NJ","boy",57122
2003,"NJ","boy",58886
2004,"NJ","boy",58809
2005,"NJ","boy",56719
2006,"NJ","boy",55749
1981,"NM","boy",13569
1982,"NM","boy",13862
1983,"NM","boy",14029
1984,"NM","boy",13737
1985,"NM","boy",13991
1986,"NM","boy",13886
1987,"NM","boy",13660
1988,"NM","boy",13555
1989,"NM","boy",13532
1990,"NM","boy",13632
1991,"NM","boy",13758
1992,"NM","boy",13924
1993,"NM","boy",13906
1994,"NM","boy",13666
1995,"NM","boy",13555
1996,"NM","boy",13428
1997,"NM","boy",13486
1998,"NM","boy",13422
1999,"NM","boy",13449
2000,"NM","boy",13494
2001,"NM","boy",13519
2002,"NM","boy",13610
2003,"NM","boy",13905
2004,"NM","boy",14134
2005,"NM","boy",14695
2006,"NM","boy",14885
1981,"NV","boy",7242
1982,"NV","boy",7645
1983,"NV","boy",7825
1984,"NV","boy",7708
1985,"NV","boy",8062
1986,"NV","boy",8227
1987,"NV","boy",8513
1988,"NV","boy",9048
1989,"NV","boy",9777
1990,"NV","boy",10815
1991,"NV","boy",11211
1992,"NV","boy",11062
1993,"NV","boy",11376
1994,"NV","boy",12089
1995,"NV","boy",12702
1996,"NV","boy",13110
1997,"NV","boy",13635
1998,"NV","boy",14333
1999,"NV","boy",14854
2000,"NV","boy",15280
2001,"NV","boy",16155
2002,"NV","boy",16551
2003,"NV","boy",17110
2004,"NV","boy",18012
2005,"NV","boy",18716
2006,"NV","boy",20106
1981,"NY","boy",123000
1982,"NY","boy",123215
1983,"NY","boy",123747
1984,"NY","boy",121650
1985,"NY","boy",126160
1986,"NY","boy",128108
1987,"NY","boy",129689
1988,"NY","boy",133143
1989,"NY","boy",138153
1990,"NY","boy",144399
1991,"NY","boy",145732
1992,"NY","boy",144276
1993,"NY","boy",140969
1994,"NY","boy",137584
1995,"NY","boy",133951
1996,"NY","boy",128814
1997,"NY","boy",125554
1998,"NY","boy",123925
1999,"NY","boy",124529
2000,"NY","boy",125974
2001,"NY","boy",128298
2002,"NY","boy",126109
2003,"NY","boy",126514
2004,"NY","boy",127391
2005,"NY","boy",125059
2006,"NY","boy",124714
1981,"OH","boy",86518
1982,"OH","boy",85848
1983,"OH","boy",84634
1984,"OH","boy",81553
1985,"OH","boy",82523
1986,"OH","boy",81514
1987,"OH","boy",80538
1988,"OH","boy",81124
1989,"OH","boy",82593
1990,"OH","boy",83692
1991,"OH","boy",82035
1992,"OH","boy",81955
1993,"OH","boy",79994
1994,"OH","boy",78478
1995,"OH","boy",77460
1996,"OH","boy",76469
1997,"OH","boy",76769
1998,"OH","boy",76113
1999,"OH","boy",75701
2000,"OH","boy",76518
2001,"OH","boy",79110
2002,"OH","boy",76028
2003,"OH","boy",76424
2004,"OH","boy",76916
2005,"OH","boy",74911
2006,"OH","boy",75188
1981,"OK","boy",26500
1982,"OK","boy",27477
1983,"OK","boy",28655
1984,"OK","boy",27873
1985,"OK","boy",28236
1986,"OK","boy",27506
1987,"OK","boy",26242
1988,"OK","boy",24851
1989,"OK","boy",24158
1990,"OK","boy",23853
1991,"OK","boy",23783
1992,"OK","boy",23785
1993,"OK","boy",23120
1994,"OK","boy",22734
1995,"OK","boy",22526
1996,"OK","boy",22894
1997,"OK","boy",23935
1998,"OK","boy",24355
1999,"OK","boy",24357
2000,"OK","boy",24629
2001,"OK","boy",24422
2002,"OK","boy",25139
2003,"OK","boy",25379
2004,"OK","boy",25584
2005,"OK","boy",26331
2006,"OK","boy",27354
1981,"OR","boy",22628
1982,"OR","boy",22392
1983,"OR","boy",21886
1984,"OR","boy",20960
1985,"OR","boy",21033
1986,"OR","boy",20598
1987,"OR","boy",20193
1988,"OR","boy",20339
1989,"OR","boy",20984
1990,"OR","boy",22257
1991,"OR","boy",21655
1992,"OR","boy",21363
1993,"OR","boy",20978
1994,"OR","boy",21249
1995,"OR","boy",21716
1996,"OR","boy",21829
1997,"OR","boy",22252
1998,"OR","boy",22375
1999,"OR","boy",22549
2000,"OR","boy",22928
2001,"OR","boy",23342
2002,"OR","boy",23139
2003,"OR","boy",23250
2004,"OR","boy",22989
2005,"OR","boy",23238
2006,"OR","boy",24535
1981,"PA","boy",81545
1982,"PA","boy",81588
1983,"PA","boy",81161
1984,"PA","boy",78677
1985,"PA","boy",80368
1986,"PA","boy",80883
1987,"PA","boy",80855
1988,"PA","boy",81976
1989,"PA","boy",83969
1990,"PA","boy",85993
1991,"PA","boy",83603
1992,"PA","boy",82603
1993,"PA","boy",80671
1994,"PA","boy",78393
1995,"PA","boy",76238
1996,"PA","boy",73506
1997,"PA","boy",72651
1998,"PA","boy",72063
1999,"PA","boy",71918
2000,"PA","boy",72882
2001,"PA","boy",74557
2002,"PA","boy",72992
2003,"PA","boy",73848
2004,"PA","boy",74659
2005,"PA","boy",73849
2006,"PA","boy",74279
1981,"RI","boy",6373
1982,"RI","boy",6429
1983,"RI","boy",6433
1984,"RI","boy",6291
1985,"RI","boy",6557
1986,"RI","boy",6700
1987,"RI","boy",6857
1988,"RI","boy",7059
1989,"RI","boy",7274
1990,"RI","boy",7571
1991,"RI","boy",7439
1992,"RI","boy",7353
1993,"RI","boy",7219
1994,"RI","boy",6927
1995,"RI","boy",6805
1996,"RI","boy",6704
1997,"RI","boy",6609
1998,"RI","boy",6374
1999,"RI","boy",6212
2000,"RI","boy",6249
2001,"RI","boy",6453
2002,"RI","boy",6440
2003,"RI","boy",6501
2004,"RI","boy",6748
2005,"RI","boy",6251
2006,"RI","boy",6333
1981,"SC","boy",26237
1982,"SC","boy",26308
1983,"SC","boy",26160
1984,"SC","boy",25556
1985,"SC","boy",26205
1986,"SC","boy",26333
1987,"SC","boy",26353
1988,"SC","boy",26852
1989,"SC","boy",27860
1990,"SC","boy",28292
1991,"SC","boy",28553
1992,"SC","boy",27913
1993,"SC","boy",26932
1994,"SC","boy",26056
1995,"SC","boy",25580
1996,"SC","boy",25593
1997,"SC","boy",26168
1998,"SC","boy",26799
1999,"SC","boy",27364
2000,"SC","boy",27986
2001,"SC","boy",28717
2002,"SC","boy",28301
2003,"SC","boy",28093
2004,"SC","boy",28901
2005,"SC","boy",29683
2006,"SC","boy",30350
1981,"SD","boy",6655
1982,"SD","boy",6678
1983,"SD","boy",6648
1984,"SD","boy",6432
1985,"SD","boy",6454
1986,"SD","boy",6282
1987,"SD","boy",6061
1988,"SD","boy",5938
1989,"SD","boy",5841
1990,"SD","boy",5726
1991,"SD","boy",5461
1992,"SD","boy",5524
1993,"SD","boy",5342
1994,"SD","boy",5225
1995,"SD","boy",5161
1996,"SD","boy",5143
1997,"SD","boy",5116
1998,"SD","boy",5054
1999,"SD","boy",5143
2000,"SD","boy",5298
2001,"SD","boy",5145
2002,"SD","boy",5143
2003,"SD","boy",5324
2004,"SD","boy",5662
2005,"SD","boy",5856
2006,"SD","boy",5859
1981,"TN","boy",35877
1982,"TN","boy",35612
1983,"TN","boy",34918
1984,"TN","boy",33610
1985,"TN","boy",33955
1986,"TN","boy",33855
1987,"TN","boy",33792
1988,"TN","boy",34610
1989,"TN","boy",35736
1990,"TN","boy",36650
1991,"TN","boy",36984
1992,"TN","boy",36980
1993,"TN","boy",36629
1994,"TN","boy",36590
1995,"TN","boy",36541
1996,"TN","boy",36294
1997,"TN","boy",36910
1998,"TN","boy",37713
1999,"TN","boy",38272
2000,"TN","boy",39004
2001,"TN","boy",40725
2002,"TN","boy",39524
2003,"TN","boy",39712
2004,"TN","boy",40699
2005,"TN","boy",41039
2006,"TN","boy",42026
1981,"TX","boy",137113
1982,"TX","boy",143065
1983,"TX","boy",146022
1984,"TX","boy",144765
1985,"TX","boy",150347
1986,"TX","boy",151914
1987,"TX","boy",149857
1988,"TX","boy",148308
1989,"TX","boy",148000
1990,"TX","boy",152216
1991,"TX","boy",158593
1992,"TX","boy",160155
1993,"TX","boy",160366
1994,"TX","boy",160111
1995,"TX","boy",160554
1996,"TX","boy",162824
1997,"TX","boy",164676
1998,"TX","boy",167782
1999,"TX","boy",169859
2000,"TX","boy",172259
2001,"TX","boy",186675
2002,"TX","boy",188482
2003,"TX","boy",191190
2004,"TX","boy",194514
2005,"TX","boy",196180
2006,"TX","boy",202863
1981,"UT","boy",22592
1982,"UT","boy",22589
1983,"UT","boy",22305
1984,"UT","boy",21049
1985,"UT","boy",20759
1986,"UT","boy",20007
1987,"UT","boy",19299
1988,"UT","boy",18698
1989,"UT","boy",18420
1990,"UT","boy",18667
1991,"UT","boy",18343
1992,"UT","boy",18644
1993,"UT","boy",18925
1994,"UT","boy",19437
1995,"UT","boy",20145
1996,"UT","boy",20933
1997,"UT","boy",21909
1998,"UT","boy",22410
1999,"UT","boy",22843
2000,"UT","boy",23272
2001,"UT","boy",24065
2002,"UT","boy",24512
2003,"UT","boy",25031
2004,"UT","boy",25432
2005,"UT","boy",25503
2006,"UT","boy",27017
1981,"VA","boy",40243
1982,"VA","boy",40695
1983,"VA","boy",40923
1984,"VA","boy",40288
1985,"VA","boy",41999
1986,"VA","boy",43025
1987,"VA","boy",44154
1988,"VA","boy",45634
1989,"VA","boy",47491
1990,"VA","boy",49174
1991,"VA","boy",48554
1992,"VA","boy",48156
1993,"VA","boy",47266
1994,"VA","boy",46694
1995,"VA","boy",45991
1996,"VA","boy",45369
1997,"VA","boy",45677
1998,"VA","boy",46247
1999,"VA","boy",47014
2000,"VA","boy",48127
2001,"VA","boy",50171
2002,"VA","boy",50307
2003,"VA","boy",50424
2004,"VA","boy",52965
2005,"VA","boy",53170
2006,"VA","boy",53606
1981,"VT","boy",4052
1982,"VT","boy",4078
1983,"VT","boy",4099
1984,"VT","boy",4018
1985,"VT","boy",4135
1986,"VT","boy",4148
1987,"VT","boy",4144
1988,"VT","boy",4196
1989,"VT","boy",4276
1990,"VT","boy",4425
1991,"VT","boy",4081
1992,"VT","boy",3917
1993,"VT","boy",3787
1994,"VT","boy",3697
1995,"VT","boy",3540
1996,"VT","boy",3423
1997,"VT","boy",3353
1998,"VT","boy",3283
1999,"VT","boy",3301
2000,"VT","boy",3360
2001,"VT","boy",3398
2002,"VT","boy",3279
2003,"VT","boy",3443
2004,"VT","boy",3490
2005,"VT","boy",3317
2006,"VT","boy",3134
1981,"WA","boy",35917
1982,"WA","boy",36229
1983,"WA","boy",36135
1984,"WA","boy",35113
1985,"WA","boy",36153
1986,"WA","boy",36106
1987,"WA","boy",36177
1988,"WA","boy",36946
1989,"WA","boy",38256
1990,"WA","boy",40699
1991,"WA","boy",40341
1992,"WA","boy",40227
1993,"WA","boy",39446
1994,"WA","boy",38997
1995,"WA","boy",38851
1996,"WA","boy",38663
1997,"WA","boy",39647
1998,"WA","boy",39992
1999,"WA","boy",39688
2000,"WA","boy",40310
2001,"WA","boy",40740
2002,"WA","boy",39774
2003,"WA","boy",40205
2004,"WA","boy",41589
2005,"WA","boy",41653
2006,"WA","boy",44068
1981,"WI","boy",38951
1982,"WI","boy",38728
1983,"WI","boy",37948
1984,"WI","boy",36679
1985,"WI","boy",37320
1986,"WI","boy",37175
1987,"WI","boy",36764
1988,"WI","boy",36845
1989,"WI","boy",37162
1990,"WI","boy",37735
1991,"WI","boy",35419
1992,"WI","boy",34734
1993,"WI","boy",33706
1994,"WI","boy",32746
1995,"WI","boy",31879
1996,"WI","boy",30985
1997,"WI","boy",30675
1998,"WI","boy",31602
1999,"WI","boy",33869
2000,"WI","boy",35044
2001,"WI","boy",35447
2002,"WI","boy",35135
2003,"WI","boy",35712
2004,"WI","boy",36093
2005,"WI","boy",35745
2006,"WI","boy",36397
1981,"WV","boy",15434
1982,"WV","boy",14988
1983,"WV","boy",14447
1984,"WV","boy",13465
1985,"WV","boy",13069
1986,"WV","boy",12498
1987,"WV","boy",11862
1988,"WV","boy",11428
1989,"WV","boy",11180
1990,"WV","boy",11100
1991,"WV","boy",11154
1992,"WV","boy",11186
1993,"WV","boy",10958
1994,"WV","boy",10744
1995,"WV","boy",10671
1996,"WV","boy",10390
1997,"WV","boy",10241
1998,"WV","boy",10158
1999,"WV","boy",10193
2000,"WV","boy",10283
2001,"WV","boy",10681
2002,"WV","boy",10798
2003,"WV","boy",10760
2004,"WV","boy",10961
2005,"WV","boy",10495
2006,"WV","boy",10543
1981,"WY","boy",5536
1982,"WY","boy",5692
1983,"WY","boy",5742
1984,"WY","boy",5409
1985,"WY","boy",5281
1986,"WY","boy",5013
1987,"WY","boy",4511
1988,"WY","boy",4058
1989,"WY","boy",3756
1990,"WY","boy",3630
1991,"WY","boy",3423
1992,"WY","boy",3387
1993,"WY","boy",3330
1994,"WY","boy",3289
1995,"WY","boy",3242
1996,"WY","boy",3277
1997,"WY","boy",3252
1998,"WY","boy",3185
1999,"WY","boy",3178
2000,"WY","boy",3230
2001,"WY","boy",3201
2002,"WY","boy",3371
2003,"WY","boy",3441
2004,"WY","boy",3481
2005,"WY","boy",3503
2006,"WY","boy",3702
1981,"AK","girl",4558
1982,"AK","girl",4937
1983,"AK","girl",5439
1984,"AK","girl",5666
1985,"AK","girl",6149
1986,"AK","girl",6312
1987,"AK","girl",6195
1988,"AK","girl",5980
1989,"AK","girl",5902
1990,"AK","girl",5875
1991,"AK","girl",5578
1992,"AK","girl",5386
1993,"AK","girl",5141
1994,"AK","girl",4858
1995,"AK","girl",4620
1996,"AK","girl",4512
1997,"AK","girl",4492
1998,"AK","girl",4474
1999,"AK","girl",4427
2000,"AK","girl",4481
2001,"AK","girl",4472
2002,"AK","girl",4605
2003,"AK","girl",4602
2004,"AK","girl",4911
2005,"AK","girl",5015
2006,"AK","girl",5174
1981,"AL","girl",30710
1982,"AL","girl",30248
1983,"AL","girl",29526
1984,"AL","girl",28395
1985,"AL","girl",28792
1986,"AL","girl",28617
1987,"AL","girl",28471
1988,"AL","girl",28625
1989,"AL","girl",29098
1990,"AL","girl",29036
1991,"AL","girl",29344
1992,"AL","girl",29492
1993,"AL","girl",29013
1994,"AL","girl",28573
1995,"AL","girl",28330
1996,"AL","girl",27966
1997,"AL","girl",28472
1998,"AL","girl",28467
1999,"AL","girl",28712
2000,"AL","girl",29243
2001,"AL","girl",30356
2002,"AL","girl",29369
2003,"AL","girl",28592
2004,"AL","girl",29419
2005,"AL","girl",29598
2006,"AL","girl",30190
1981,"AR","girl",18067
1982,"AR","girl",17747
1983,"AR","girl",17332
1984,"AR","girl",16718
1985,"AR","girl",16920
1986,"AR","girl",16697
1987,"AR","girl",16599
1988,"AR","girl",16643
1989,"AR","girl",16851
1990,"AR","girl",16898
1991,"AR","girl",16907
1992,"AR","girl",16863
1993,"AR","girl",16421
1994,"AR","girl",16553
1995,"AR","girl",16978
1996,"AR","girl",17219
1997,"AR","girl",17244
1998,"AR","girl",17364
1999,"AR","girl",17501
2000,"AR","girl",17851
2001,"AR","girl",18114
2002,"AR","girl",18521
2003,"AR","girl",18172
2004,"AR","girl",18663
2005,"AR","girl",19263
2006,"AR","girl",19842
1981,"AZ","girl",23912
1982,"AZ","girl",24577
1983,"AZ","girl",25151
1984,"AZ","girl",25307
1985,"AZ","girl",26888
1986,"AZ","girl",27574
1987,"AZ","girl",28399
1988,"AZ","girl",29318
1989,"AZ","girl",30728
1990,"AZ","girl",31775
1991,"AZ","girl",32883
1992,"AZ","girl",32897
1993,"AZ","girl",33027
1994,"AZ","girl",33345
1995,"AZ","girl",34774
1996,"AZ","girl",35420
1997,"AZ","girl",35558
1998,"AZ","girl",36786
1999,"AZ","girl",37892
2000,"AZ","girl",38529
2001,"AZ","girl",41575
2002,"AZ","girl",42207
2003,"AZ","girl",43594
2004,"AZ","girl",44874
2005,"AZ","girl",47519
2006,"AZ","girl",48683
1981,"CA","girl",194249
1982,"CA","girl",201912
1983,"CA","girl",208433
1984,"CA","girl",209028
1985,"CA","girl",220627
1986,"CA","girl",226496
1987,"CA","girl",231796
1988,"CA","girl",240810
1989,"CA","girl",254313
1990,"CA","girl",274146
1991,"CA","girl",292017
1992,"CA","girl",285083
1993,"CA","girl",274900
1994,"CA","girl",266831
1995,"CA","girl",257831
1996,"CA","girl",249343
1997,"CA","girl",242002
1998,"CA","girl",237508
1999,"CA","girl",236632
2000,"CA","girl",238996
2001,"CA","girl",254021
2002,"CA","girl",252110
2003,"CA","girl",257472
2004,"CA","girl",259379
2005,"CA","girl",261753
2006,"CA","girl",268336
1981,"CO","girl",24490
1982,"CO","girl",25314
1983,"CO","girl",25993
1984,"CO","girl",25644
1985,"CO","girl",26488
1986,"CO","girl",26552
1987,"CO","girl",26280
1988,"CO","girl",25839
1989,"CO","girl",25670
1990,"CO","girl",26167
1991,"CO","girl",25967
1992,"CO","girl",26262
1993,"CO","girl",25871
1994,"CO","girl",25740
1995,"CO","girl",26051
1996,"CO","girl",26548
1997,"CO","girl",27321
1998,"CO","girl",28301
1999,"CO","girl",29326
2000,"CO","girl",30170
2001,"CO","girl",33206
2002,"CO","girl",32561
2003,"CO","girl",33016
2004,"CO","girl",32897
2005,"CO","girl",33126
2006,"CO","girl",34067
1981,"CT","girl",19207
1982,"CT","girl",19376
1983,"CT","girl",19603
1984,"CT","girl",19384
1985,"CT","girl",20371
1986,"CT","girl",21030
1987,"CT","girl",21534
1988,"CT","girl",22370
1989,"CT","girl",23352
1990,"CT","girl",24212
1991,"CT","girl",23293
1992,"CT","girl",22928
1993,"CT","girl",22401
1994,"CT","girl",21893
1995,"CT","girl",21562
1996,"CT","girl",21119
1997,"CT","girl",20844
1998,"CT","girl",20788
1999,"CT","girl",20845
2000,"CT","girl",21110
2001,"CT","girl",20831
2002,"CT","girl",20703
2003,"CT","girl",21011
2004,"CT","girl",20761
2005,"CT","girl",20552
2006,"CT","girl",20125
1981,"DC","girl",3822
1982,"DC","girl",3909
1983,"DC","girl",3951
1984,"DC","girl",3998
1985,"DC","girl",4253
1986,"DC","girl",4335
1987,"DC","girl",4392
1988,"DC","girl",4408
1989,"DC","girl",4526
1990,"DC","girl",4325
1991,"DC","girl",4358
1992,"DC","girl",4122
1993,"DC","girl",3987
1994,"DC","girl",3840
1995,"DC","girl",3544
1996,"DC","girl",3301
1997,"DC","girl",3202
1998,"DC","girl",3066
1999,"DC","girl",3147
2000,"DC","girl",3239
2001,"DC","girl",3670
2002,"DC","girl",3657
2003,"DC","girl",3328
2004,"DC","girl",3814
2005,"DC","girl",3966
2006,"DC","girl",3912
1981,"DE","girl",4397
1982,"DE","girl",4491
1983,"DE","girl",4526
1984,"DE","girl",4447
1985,"DE","girl",4602
1986,"DE","girl",4653
1987,"DE","girl",4680
1988,"DE","girl",4798
1989,"DE","girl",4986
1990,"DE","girl",5227
1991,"DE","girl",5271
1992,"DE","girl",5154
1993,"DE","girl",4982
1994,"DE","girl",4908
1995,"DE","girl",4815
1996,"DE","girl",4757
1997,"DE","girl",4810
1998,"DE","girl",4876
1999,"DE","girl",4949
2000,"DE","girl",5046
2001,"DE","girl",5268
2002,"DE","girl",5265
2003,"DE","girl",5474
2004,"DE","girl",5571
2005,"DE","girl",5772
2006,"DE","girl",5823
1981,"FL","girl",64024
1982,"FL","girl",66296
1983,"FL","girl",68124
1984,"FL","girl",68980
1985,"FL","girl",73780
1986,"FL","girl",76862
1987,"FL","girl",79390
1988,"FL","girl",82965
1989,"FL","girl",87294
1990,"FL","girl",92103
1991,"FL","girl",93871
1992,"FL","girl",92002
1993,"FL","girl",91587
1994,"FL","girl",90507
1995,"FL","girl",89050
1996,"FL","girl",89051
1997,"FL","girl",90167
1998,"FL","girl",90744
1999,"FL","girl",91832
2000,"FL","girl",92938
2001,"FL","girl",101302
2002,"FL","girl",101289
2003,"FL","girl",102227
2004,"FL","girl",106131
2005,"FL","girl",111070
2006,"FL","girl",116263
1981,"GA","girl",44471
1982,"GA","girl",44868
1983,"GA","girl",44672
1984,"GA","girl",43880
1985,"GA","girl",45665
1986,"GA","girl",46435
1987,"GA","girl",47429
1988,"GA","girl",49048
1989,"GA","girl",51414
1990,"GA","girl",52567
1991,"GA","girl",52483
1992,"GA","girl",52712
1993,"GA","girl",52308
1994,"GA","girl",52178
1995,"GA","girl",52431
1996,"GA","girl",52922
1997,"GA","girl",54564
1998,"GA","girl",56262
1999,"GA","girl",58351
2000,"GA","girl",60042
2001,"GA","girl",66371
2002,"GA","girl",65474
2003,"GA","girl",65867
2004,"GA","girl",68288
2005,"GA","girl",69422
2006,"GA","girl",71885
1981,"HI","girl",8769
1982,"HI","girl",8846
1983,"HI","girl",8998
1984,"HI","girl",8793
1985,"HI","girl",8961
1986,"HI","girl",8803
1987,"HI","girl",8730
1988,"HI","girl",8879
1989,"HI","girl",9034
1990,"HI","girl",9170
1991,"HI","girl",9375
1992,"HI","girl",9271
1993,"HI","girl",9087
1994,"HI","girl",8855
1995,"HI","girl",8480
1996,"HI","girl",8071
1997,"HI","girl",7754
1998,"HI","girl",7607
1999,"HI","girl",7572
2000,"HI","girl",7455
2001,"HI","girl",6960
2002,"HI","girl",7236
2003,"HI","girl",7193
2004,"HI","girl",8081
2005,"HI","girl",8099
2006,"HI","girl",8963
1981,"IA","girl",23723
1982,"IA","girl",23344
1983,"IA","girl",22615
1984,"IA","girl",21505
1985,"IA","girl",21216
1986,"IA","girl",20357
1987,"IA","girl",19473
1988,"IA","girl",19154
1989,"IA","girl",19183
1990,"IA","girl",19306
1991,"IA","girl",18610
1992,"IA","girl",18551
1993,"IA","girl",18142
1994,"IA","girl",17807
1995,"IA","girl",17658
1996,"IA","girl",17707
1997,"IA","girl",17849
1998,"IA","girl",17890
1999,"IA","girl",18000
2000,"IA","girl",18368
2001,"IA","girl",18820
2002,"IA","girl",18250
2003,"IA","girl",18971
2004,"IA","girl",18698
2005,"IA","girl",18621
2006,"IA","girl",19429
1981,"ID","girl",10109
1982,"ID","girl",10059
1983,"ID","girl",9829
1984,"ID","girl",9306
1985,"ID","girl",9164
1986,"ID","girl",8771
1987,"ID","girl",8286
1988,"ID","girl",8000
1989,"ID","girl",7907
1990,"ID","girl",8091
1991,"ID","girl",7979
1992,"ID","girl",8240
1993,"ID","girl",8384
1994,"ID","girl",8430
1995,"ID","girl",8629
1996,"ID","girl",8886
1997,"ID","girl",9040
1998,"ID","girl",9291
1999,"ID","girl",9518
2000,"ID","girl",9748
2001,"ID","girl",10328
2002,"ID","girl",10386
2003,"ID","girl",10504
2004,"ID","girl",10806
2005,"ID","girl",11173
2006,"ID","girl",11683
1981,"IL","girl",91300
1982,"IL","girl",91249
1983,"IL","girl",90290
1984,"IL","girl",87777
1985,"IL","girl",88888
1986,"IL","girl",88024
1987,"IL","girl",86867
1988,"IL","girl",86931
1989,"IL","girl",88411
1990,"IL","girl",90624
1991,"IL","girl",91723
1992,"IL","girl",91876
1993,"IL","girl",90168
1994,"IL","girl",89337
1995,"IL","girl",88052
1996,"IL","girl",86018
1997,"IL","girl",85370
1998,"IL","girl",84424
1999,"IL","girl",84834
2000,"IL","girl",86035
2001,"IL","girl",89981
2002,"IL","girl",88023
2003,"IL","girl",87550
2004,"IL","girl",88457
2005,"IL","girl",86070
2006,"IL","girl",87349
1981,"IN","girl",43098
1982,"IN","girl",42432
1983,"IN","girl",41246
1984,"IN","girl",39455
1985,"IN","girl",39666
1986,"IN","girl",39091
1987,"IN","girl",38643
1988,"IN","girl",38877
1989,"IN","girl",39875
1990,"IN","girl",40452
1991,"IN","girl",40213
1992,"IN","girl",40468
1993,"IN","girl",39835
1994,"IN","girl",39629
1995,"IN","girl",39725
1996,"IN","girl",39556
1997,"IN","girl",40201
1998,"IN","girl",40458
1999,"IN","girl",40941
2000,"IN","girl",41713
2001,"IN","girl",43249
2002,"IN","girl",41811
2003,"IN","girl",42045
2004,"IN","girl",42508
2005,"IN","girl",41974
2006,"IN","girl",42300
2005,"KR","girl",2040
1981,"KS","girl",19699
1982,"KS","girl",19867
1983,"KS","girl",19741
1984,"KS","girl",19137
1985,"KS","girl",19439
1986,"KS","girl",19049
1987,"KS","girl",18762
1988,"KS","girl",18647
1989,"KS","girl",18764
1990,"KS","girl",18673
1991,"KS","girl",17874
1992,"KS","girl",17917
1993,"KS","girl",17530
1994,"KS","girl",17471
1995,"KS","girl",17313
1996,"KS","girl",17139
1997,"KS","girl",17576
1998,"KS","girl",17876
1999,"KS","girl",18099
2000,"KS","girl",18426
2001,"KS","girl",19011
2002,"KS","girl",19019
2003,"KS","girl",19301
2004,"KS","girl",19053
2005,"KS","girl",19023
2006,"KS","girl",19149
1981,"KY","girl",29146
1982,"KY","girl",28743
1983,"KY","girl",27949
1984,"KY","girl",26709
1985,"KY","girl",26606
1986,"KY","girl",25887
1987,"KY","girl",25168
1988,"KY","girl",24762
1989,"KY","girl",24828
1990,"KY","girl",25107
1991,"KY","girl",25258
1992,"KY","girl",25547
1993,"KY","girl",25151
1994,"KY","girl",25257
1995,"KY","girl",25213
1996,"KY","girl",25078
1997,"KY","girl",25687
1998,"KY","girl",25585
1999,"KY","girl",25753
2000,"KY","girl",26217
2001,"KY","girl",27081
2002,"KY","girl",26514
2003,"KY","girl",26971
2004,"KY","girl",27220
2005,"KY","girl",27209
2006,"KY","girl",26879
1981,"LA","girl",39858
1982,"LA","girl",40318
1983,"LA","girl",40153
1984,"LA","girl",38886
1985,"LA","girl",39407
1986,"LA","girl",38603
1987,"LA","girl",37028
1988,"LA","girl",35762
1989,"LA","girl",34947
1990,"LA","girl",33352
1991,"LA","girl",33633
1992,"LA","girl",33816
1993,"LA","girl",32617
1994,"LA","girl",32004
1995,"LA","girl",31058
1996,"LA","girl",30406
1997,"LA","girl",30723
1998,"LA","girl",31146
1999,"LA","girl",31457
2000,"LA","girl",31734
2001,"LA","girl",32184
2002,"LA","girl",31668
2003,"LA","girl",31300
2004,"LA","girl",32169
2005,"LA","girl",30325
2006,"LA","girl",26294
1981,"MA","girl",35549
1982,"MA","girl",35834
1983,"MA","girl",36150
1984,"MA","girl",35834
1985,"MA","girl",37690
1986,"MA","girl",38706
1987,"MA","girl",39590
1988,"MA","girl",40924
1989,"MA","girl",42777
1990,"MA","girl",44668
1991,"MA","girl",42453
1992,"MA","girl",41655
1993,"MA","girl",40606
1994,"MA","girl",40112
1995,"MA","girl",39726
1996,"MA","girl",38554
1997,"MA","girl",38273
1998,"MA","girl",38117
1999,"MA","girl",37903
2000,"MA","girl",38412
2001,"MA","girl",39518
2002,"MA","girl",39107
2003,"MA","girl",38369
2004,"MA","girl",37946
2005,"MA","girl",37123
2006,"MA","girl",36881
1981,"MD","girl",29309
1982,"MD","girl",29753
1983,"MD","girl",29999
1984,"MD","girl",29989
1985,"MD","girl",31480
1986,"MD","girl",32434
1987,"MD","girl",33380
1988,"MD","girl",34886
1989,"MD","girl",36561
1990,"MD","girl",38082
1991,"MD","girl",38048
1992,"MD","girl",37354
1993,"MD","girl",36206
1994,"MD","girl",35646
1995,"MD","girl",35185
1996,"MD","girl",34338
1997,"MD","girl",34622
1998,"MD","girl",34463
1999,"MD","girl",34168
2000,"MD","girl",34615
2001,"MD","girl",35889
2002,"MD","girl",35523
2003,"MD","girl",35973
2004,"MD","girl",36737
2005,"MD","girl",37030
2006,"MD","girl",37802
1981,"ME","girl",8137
1982,"ME","girl",8140
1983,"ME","girl",8073
1984,"ME","girl",7850
1985,"ME","girl",8047
1986,"ME","girl",8062
1987,"ME","girl",8048
1988,"ME","girl",8163
1989,"ME","girl",8358
1990,"ME","girl",8585
1991,"ME","girl",7966
1992,"ME","girl",7700
1993,"ME","girl",7253
1994,"ME","girl",6922
1995,"ME","girl",6697
1996,"ME","girl",6618
1997,"ME","girl",6585
1998,"ME","girl",6539
1999,"ME","girl",6467
2000,"ME","girl",6576
2001,"ME","girl",6802
2002,"ME","girl",6666
2003,"ME","girl",6850
2004,"ME","girl",6889
2005,"ME","girl",6675
2006,"ME","girl",6821
1981,"MI","girl",71840
1982,"MI","girl",70596
1983,"MI","girl",68806
1984,"MI","girl",66113
1985,"MI","girl",67343
1986,"MI","girl",67503
1987,"MI","girl",68001
1988,"MI","girl",69566
1989,"MI","girl",71901
1990,"MI","girl",74403
1991,"MI","girl",70887
1992,"MI","girl",69380
1993,"MI","girl",67041
1994,"MI","girl",65561
1995,"MI","girl",64714
1996,"MI","girl",63678
1997,"MI","girl",63857
1998,"MI","girl",63254
1999,"MI","girl",63473
2000,"MI","girl",64598
2001,"MI","girl",65835
2002,"MI","girl",63803
2003,"MI","girl",63276
2004,"MI","girl",64074
2005,"MI","girl",61652
2006,"MI","girl",61951
1981,"MN","girl",33494
1982,"MN","girl",33858
1983,"MN","girl",33541
1984,"MN","girl",32313
1985,"MN","girl",32917
1986,"MN","girl",32603
1987,"MN","girl",32149
1988,"MN","girl",32526
1989,"MN","girl",33169
1990,"MN","girl",34061
1991,"MN","girl",32036
1992,"MN","girl",31866
1993,"MN","girl",31084
1994,"MN","girl",30693
1995,"MN","girl",30400
1996,"MN","girl",30481
1997,"MN","girl",30898
1998,"MN","girl",30891
1999,"MN","girl",31308
2000,"MN","girl",31984
2001,"MN","girl",33390
2002,"MN","girl",32522
2003,"MN","girl",33508
2004,"MN","girl",34520
2005,"MN","girl",34342
2006,"MN","girl",34678
1981,"MO","girl",38175
1982,"MO","girl",38045
1983,"MO","girl",37470
1984,"MO","girl",36471
1985,"MO","girl",37145
1986,"MO","girl",36885
1987,"MO","girl",36522
1988,"MO","girl",36559
1989,"MO","girl",36896
1990,"MO","girl",37447
1991,"MO","girl",37155
1992,"MO","girl",36740
1993,"MO","girl",35681
1994,"MO","girl",34889
1995,"MO","girl",34792
1996,"MO","girl",34760
1997,"MO","girl",35070
1998,"MO","girl",35186
1999,"MO","girl",35251
2000,"MO","girl",35859
2001,"MO","girl",37392
2002,"MO","girl",36992
2003,"MO","girl",37199
2004,"MO","girl",37730
2005,"MO","girl",37973
2006,"MO","girl",38947
1981,"MS","girl",22605
1982,"MS","girl",22682
1983,"MS","girl",22368
1984,"MS","girl",21643
1985,"MS","girl",21949
1986,"MS","girl",21456
1987,"MS","girl",20837
1988,"MS","girl",20436
1989,"MS","girl",20501
1990,"MS","girl",20079
1991,"MS","girl",20180
1992,"MS","girl",20565
1993,"MS","girl",20062
1994,"MS","girl",19832
1995,"MS","girl",19551
1996,"MS","girl",19186
1997,"MS","girl",19552
1998,"MS","girl",19853
1999,"MS","girl",20084
2000,"MS","girl",20380
2001,"MS","girl",21032
2002,"MS","girl",20295
2003,"MS","girl",20334
2004,"MS","girl",21258
2005,"MS","girl",21086
2006,"MS","girl",21955
1981,"MT","girl",7037
1982,"MT","girl",7117
1983,"MT","girl",7128
1984,"MT","girl",6936
1985,"MT","girl",7015
1986,"MT","girl",6723
1987,"MT","girl",6372
1988,"MT","girl",6092
1989,"MT","girl",5929
1990,"MT","girl",5853
1991,"MT","girl",5505
1992,"MT","girl",5550
1993,"MT","girl",5420
1994,"MT","girl",5318
1995,"MT","girl",5239
1996,"MT","girl",5208
1997,"MT","girl",5111
1998,"MT","girl",5075
1999,"MT","girl",5102
2000,"MT","girl",5193
2001,"MT","girl",5329
2002,"MT","girl",5295
2003,"MT","girl",5477
2004,"MT","girl",5585
2005,"MT","girl",5665
2006,"MT","girl",5792
1981,"NC","girl",41650
1982,"NC","girl",41876
1983,"NC","girl",41574
1984,"NC","girl",40668
1985,"NC","girl",42197
1986,"NC","girl",42958
1987,"NC","girl",43667
1988,"NC","girl",45119
1989,"NC","girl",47399
1990,"NC","girl",49207
1991,"NC","girl",49403
1992,"NC","girl",49353
1993,"NC","girl",48547
1994,"NC","girl",48334
1995,"NC","girl",48480
1996,"NC","girl",48968
1997,"NC","girl",50552
1998,"NC","girl",52070
1999,"NC","girl",53853
2000,"NC","girl",55130
2001,"NC","girl",58646
2002,"NC","girl",57459
2003,"NC","girl",57071
2004,"NC","girl",58376
2005,"NC","girl",59806
2006,"NC","girl",62765
1981,"ND","girl",5976
1982,"ND","girl",6062
1983,"ND","girl",6083
1984,"ND","girl",5902
1985,"ND","girl",5934
1986,"ND","girl",5709
1987,"ND","girl",5405
1988,"ND","girl",5135
1989,"ND","girl",4923
1990,"ND","girl",4650
1991,"ND","girl",4161
1992,"ND","girl",4157
1993,"ND","girl",4124
1994,"ND","girl",4099
1995,"ND","girl",4037
1996,"ND","girl",3966
1997,"ND","girl",3938
1998,"ND","girl",3796
1999,"ND","girl",3640
2000,"ND","girl",3695
2001,"ND","girl",3663
2002,"ND","girl",3675
2003,"ND","girl",3703
2004,"ND","girl",3978
2005,"ND","girl",3870
2006,"ND","girl",4032
1981,"NE","girl",13280
1982,"NE","girl",13308
1983,"NE","girl",13178
1984,"NE","girl",12778
1985,"NE","girl",12894
1986,"NE","girl",12573
1987,"NE","girl",12136
1988,"NE","girl",11993
1989,"NE","girl",11970
1990,"NE","girl",11948
1991,"NE","girl",11319
1992,"NE","girl",11127
1993,"NE","girl",10897
1994,"NE","girl",10908
1995,"NE","girl",10959
1996,"NE","girl",10993
1997,"NE","girl",11145
1998,"NE","girl",11087
1999,"NE","girl",11236
2000,"NE","girl",11505
2001,"NE","girl",12158
2002,"NE","girl",12275
2003,"NE","girl",12645
2004,"NE","girl",12737
2005,"NE","girl",12633
2006,"NE","girl",12755
1981,"NH","girl",6644
1982,"NH","girl",6745
1983,"NH","girl",6718
1984,"NH","girl",6639
1985,"NH","girl",6953
1986,"NH","girl",7253
1987,"NH","girl",7520
1988,"NH","girl",7973
1989,"NH","girl",8430
1990,"NH","girl",8805
1991,"NH","girl",7912
1992,"NH","girl",7754
1993,"NH","girl",7489
1994,"NH","girl",7330
1995,"NH","girl",7175
1996,"NH","girl",7014
1997,"NH","girl",6980
1998,"NH","girl",6913
1999,"NH","girl",6792
2000,"NH","girl",6860
2001,"NH","girl",7418
2002,"NH","girl",7320
2003,"NH","girl",7263
2004,"NH","girl",7338
2005,"NH","girl",7477
2006,"NH","girl",7502
1981,"NJ","girl",47484
1982,"NJ","girl",47403
1983,"NJ","girl",47290
1984,"NJ","girl",46659
1985,"NJ","girl",48695
1986,"NJ","girl",50053
1987,"NJ","girl",51443
1988,"NJ","girl",53501
1989,"NJ","girl",55831
1990,"NJ","girl",58257
1991,"NJ","girl",58284
1992,"NJ","girl",58086
1993,"NJ","girl",56715
1994,"NJ","girl",56107
1995,"NJ","girl",55378
1996,"NJ","girl",54157
1997,"NJ","girl",53616
1998,"NJ","girl",53333
1999,"NJ","girl",53956
2000,"NJ","girl",54667
2001,"NJ","girl",53898
2002,"NJ","girl",54705
2003,"NJ","girl",55619
2004,"NJ","girl",56450
2005,"NJ","girl",54078
2006,"NJ","girl",53086
1981,"NM","girl",13144
1982,"NM","girl",13444
1983,"NM","girl",13619
1984,"NM","girl",13367
1985,"NM","girl",13617
1986,"NM","girl",13487
1987,"NM","girl",13282
1988,"NM","girl",13219
1989,"NM","girl",13231
1990,"NM","girl",13311
1991,"NM","girl",13424
1992,"NM","girl",13590
1993,"NM","girl",13488
1994,"NM","girl",13256
1995,"NM","girl",13146
1996,"NM","girl",12999
1997,"NM","girl",13068
1998,"NM","girl",13010
1999,"NM","girl",13059
2000,"NM","girl",13102
2001,"NM","girl",13150
2002,"NM","girl",13362
2003,"NM","girl",13601
2004,"NM","girl",13723
2005,"NM","girl",14278
2006,"NM","girl",14234
1981,"NV","girl",6720
1982,"NV","girl",7117
1983,"NV","girl",7293
1984,"NV","girl",7217
1985,"NV","girl",7563
1986,"NV","girl",7729
1987,"NV","girl",8007
1988,"NV","girl",8531
1989,"NV","girl",9235
1990,"NV","girl",10195
1991,"NV","girl",10580
1992,"NV","girl",10462
1993,"NV","girl",10680
1994,"NV","girl",11380
1995,"NV","girl",11969
1996,"NV","girl",12346
1997,"NV","girl",12885
1998,"NV","girl",13461
1999,"NV","girl",13983
2000,"NV","girl",14375
2001,"NV","girl",15254
2002,"NV","girl",15843
2003,"NV","girl",16202
2004,"NV","girl",17113
2005,"NV","girl",17762
2006,"NV","girl",18862
1981,"NY","girl",118128
1982,"NY","girl",118248
1983,"NY","girl",118442
1984,"NY","girl",116423
1985,"NY","girl",120575
1986,"NY","girl",122259
1987,"NY","girl",123705
1988,"NY","girl",126874
1989,"NY","girl",131678
1990,"NY","girl",137369
1991,"NY","girl",138756
1992,"NY","girl",137653
1993,"NY","girl",133831
1994,"NY","girl",130857
1995,"NY","girl",127504
1996,"NY","girl",122546
1997,"NY","girl",119692
1998,"NY","girl",117831
1999,"NY","girl",118715
2000,"NY","girl",120098
2001,"NY","girl",122341
2002,"NY","girl",120333
2003,"NY","girl",120597
2004,"NY","girl",121400
2005,"NY","girl",119186
2006,"NY","girl",119456
1981,"OH","girl",82318
1982,"OH","girl",81775
1983,"OH","girl",80534
1984,"OH","girl",77721
1985,"OH","girl",78647
1986,"OH","girl",77735
1987,"OH","girl",76845
1988,"OH","girl",77447
1989,"OH","girl",78973
1990,"OH","girl",79927
1991,"OH","girl",78418
1992,"OH","girl",78498
1993,"OH","girl",76260
1994,"OH","girl",74975
1995,"OH","girl",74056
1996,"OH","girl",73137
1997,"OH","girl",73527
1998,"OH","girl",72743
1999,"OH","girl",72481
2000,"OH","girl",73373
2001,"OH","girl",75531
2002,"OH","girl",72580
2003,"OH","girl",72398
2004,"OH","girl",72959
2005,"OH","girl",71347
2006,"OH","girl",72115
1981,"OK","girl",25723
1982,"OK","girl",26681
1983,"OK","girl",27752
1984,"OK","girl",27015
1985,"OK","girl",27365
1986,"OK","girl",26576
1987,"OK","girl",25319
1988,"OK","girl",24011
1989,"OK","girl",23357
1990,"OK","girl",23000
1991,"OK","girl",22896
1992,"OK","girl",22885
1993,"OK","girl",22077
1994,"OK","girl",21696
1995,"OK","girl",21499
1996,"OK","girl",21771
1997,"OK","girl",22717
1998,"OK","girl",23048
1999,"OK","girl",22969
2000,"OK","girl",23199
2001,"OK","girl",23430
2002,"OK","girl",23998
2003,"OK","girl",23869
2004,"OK","girl",24277
2005,"OK","girl",24945
2006,"OK","girl",26110
1981,"OR","girl",21576
1982,"OR","girl",21312
1983,"OR","girl",20754
1984,"OR","girl",19843
1985,"OR","girl",19857
1986,"OR","girl",19391
1987,"OR","girl",18971
1988,"OR","girl",19072
1989,"OR","girl",19655
1990,"OR","girl",20797
1991,"OR","girl",20266
1992,"OR","girl",20068
1993,"OR","girl",19632
1994,"OR","girl",19939
1995,"OR","girl",20427
1996,"OR","girl",20563
1997,"OR","girl",21033
1998,"OR","girl",21184
1999,"OR","girl",21374
2000,"OR","girl",21745
2001,"OR","girl",22256
2002,"OR","girl",22009
2003,"OR","girl",22412
2004,"OR","girl",21871
2005,"OR","girl",22259
2006,"OR","girl",23132
1981,"PA","girl",77860
1982,"PA","girl",77914
1983,"PA","girl",77368
1984,"PA","girl",74990
1985,"PA","girl",76559
1986,"PA","girl",77017
1987,"PA","girl",76978
1988,"PA","girl",78030
1989,"PA","girl",79969
1990,"PA","girl",81756
1991,"PA","girl",79594
1992,"PA","girl",78861
1993,"PA","girl",76678
1994,"PA","girl",74666
1995,"PA","girl",72701
1996,"PA","girl",70148
1997,"PA","girl",69456
1998,"PA","girl",68816
1999,"PA","girl",68814
2000,"PA","girl",69802
2001,"PA","girl",71560
2002,"PA","girl",69874
2003,"PA","girl",70709
2004,"PA","girl",71300
2005,"PA","girl",70316
2006,"PA","girl",70590
1981,"RI","girl",6014
1982,"RI","girl",6085
1983,"RI","girl",6099
1984,"RI","girl",5986
1985,"RI","girl",6238
1986,"RI","girl",6392
1987,"RI","girl",6547
1988,"RI","girl",6752
1989,"RI","girl",6981
1990,"RI","girl",7264
1991,"RI","girl",7132
1992,"RI","girl",7061
1993,"RI","girl",6896
1994,"RI","girl",6607
1995,"RI","girl",6471
1996,"RI","girl",6355
1997,"RI","girl",6251
1998,"RI","girl",6037
1999,"RI","girl",6032
2000,"RI","girl",6068
2001,"RI","girl",6027
2002,"RI","girl",5996
2003,"RI","girl",6224
2004,"RI","girl",6387
2005,"RI","girl",6032
2006,"RI","girl",6075
1981,"SC","girl",25039
1982,"SC","girl",25144
1983,"SC","girl",24948
1984,"SC","girl",24400
1985,"SC","girl",25027
1986,"SC","girl",25151
1987,"SC","girl",25205
1988,"SC","girl",25683
1989,"SC","girl",26689
1990,"SC","girl",27052
1991,"SC","girl",27310
1992,"SC","girl",26760
1993,"SC","girl",25684
1994,"SC","girl",24884
1995,"SC","girl",24424
1996,"SC","girl",24459
1997,"SC","girl",24998
1998,"SC","girl",25522
1999,"SC","girl",26108
2000,"SC","girl",26760
2001,"SC","girl",27538
2002,"SC","girl",27170
2003,"SC","girl",27081
2004,"SC","girl",27639
2005,"SC","girl",28202
2006,"SC","girl",29104
1981,"SD","girl",6506
1982,"SD","girl",6512
1983,"SD","girl",6435
1984,"SD","girl",6203
1985,"SD","girl",6218
1986,"SD","girl",6007
1987,"SD","girl",5765
1988,"SD","girl",5642
1989,"SD","girl",5522
1990,"SD","girl",5391
1991,"SD","girl",5145
1992,"SD","girl",5199
1993,"SD","girl",5029
1994,"SD","girl",4925
1995,"SD","girl",4864
1996,"SD","girl",4860
1997,"SD","girl",4846
1998,"SD","girl",4791
1999,"SD","girl",4868
2000,"SD","girl",5002
2001,"SD","girl",5013
2002,"SD","girl",5022
2003,"SD","girl",5178
2004,"SD","girl",5468
2005,"SD","girl",5580
2006,"SD","girl",5603
1981,"TN","girl",33982
1982,"TN","girl",33777
1983,"TN","girl",33042
1984,"TN","girl",31860
1985,"TN","girl",32204
1986,"TN","girl",32090
1987,"TN","girl",32064
1988,"TN","girl",32839
1989,"TN","girl",33943
1990,"TN","girl",34778
1991,"TN","girl",35140
1992,"TN","girl",35188
1993,"TN","girl",34666
1994,"TN","girl",34717
1995,"TN","girl",34677
1996,"TN","girl",34443
1997,"TN","girl",35125
1998,"TN","girl",35793
1999,"TN","girl",36401
2000,"TN","girl",37070
2001,"TN","girl",38782
2002,"TN","girl",38120
2003,"TN","girl",38578
2004,"TN","girl",38958
2005,"TN","girl",39371
2006,"TN","girl",40385
1981,"TX","girl",131813
1982,"TX","girl",137498
1983,"TX","girl",140052
1984,"TX","girl",138854
1985,"TX","girl",144127
1986,"TX","girl",145543
1987,"TX","girl",143522
1988,"TX","girl",142048
1989,"TX","girl",141843
1990,"TX","girl",145640
1991,"TX","girl",151846
1992,"TX","girl",153616
1993,"TX","girl",152997
1994,"TX","girl",152942
1995,"TX","girl",153550
1996,"TX","girl",155635
1997,"TX","girl",157576
1998,"TX","girl",160264
1999,"TX","girl",162519
2000,"TX","girl",164762
2001,"TX","girl",179322
2002,"TX","girl",179673
2003,"TX","girl",184663
2004,"TX","girl",185902
2005,"TX","girl",187005
2006,"TX","girl",194306
1981,"UT","girl",21383
1982,"UT","girl",21369
1983,"UT","girl",21040
1984,"UT","girl",19841
1985,"UT","girl",19535
1986,"UT","girl",18808
1987,"UT","girl",18114
1988,"UT","girl",17524
1989,"UT","girl",17259
1990,"UT","girl",17467
1991,"UT","girl",17190
1992,"UT","girl",17518
1993,"UT","girl",17697
1994,"UT","girl",18216
1995,"UT","girl",18890
1996,"UT","girl",19656
1997,"UT","girl",20575
1998,"UT","girl",20996
1999,"UT","girl",21433
2000,"UT","girl",21900
2001,"UT","girl",22972
2002,"UT","girl",23260
2003,"UT","girl",23804
2004,"UT","girl",24619
2005,"UT","girl",24099
2006,"UT","girl",25293
1981,"VA","girl",38314
1982,"VA","girl",38797
1983,"VA","girl",38956
1984,"VA","girl",38358
1985,"VA","girl",40007
1986,"VA","girl",40966
1987,"VA","girl",42075
1988,"VA","girl",43511
1989,"VA","girl",45344
1990,"VA","girl",46895
1991,"VA","girl",46373
1992,"VA","girl",46035
1993,"VA","girl",44984
1994,"VA","girl",44484
1995,"VA","girl",43858
1996,"VA","girl",43271
1997,"VA","girl",43637
1998,"VA","girl",44006
1999,"VA","girl",44849
2000,"VA","girl",45911
2001,"VA","girl",48287
2002,"VA","girl",48219
2003,"VA","girl",49120
2004,"VA","girl",50066
2005,"VA","girl",50350
2006,"VA","girl",51184
1981,"VT","girl",3792
1982,"VT","girl",3816
1983,"VT","girl",3825
1984,"VT","girl",3754
1985,"VT","girl",3862
1986,"VT","girl",3875
1987,"VT","girl",3885
1988,"VT","girl",3928
1989,"VT","girl",4003
1990,"VT","girl",4130
1991,"VT","girl",3799
1992,"VT","girl",3646
1993,"VT","girl",3494
1994,"VT","girl",3418
1995,"VT","girl",3266
1996,"VT","girl",3151
1997,"VT","girl",3079
1998,"VT","girl",3011
1999,"VT","girl",3028
2000,"VT","girl",3073
2001,"VT","girl",3290
2002,"VT","girl",3187
2003,"VT","girl",3190
2004,"VT","girl",3176
2005,"VT","girl",3049
2006,"VT","girl",3039
1981,"WA","girl",34090
1982,"WA","girl",34428
1983,"WA","girl",34314
1984,"WA","girl",33376
1985,"WA","girl",34398
1986,"WA","girl",34370
1987,"WA","girl",34435
1988,"WA","girl",35226
1989,"WA","girl",36535
1990,"WA","girl",38837
1991,"WA","girl",38504
1992,"WA","girl",38455
1993,"WA","girl",37443
1994,"WA","girl",37083
1995,"WA","girl",36912
1996,"WA","girl",36713
1997,"WA","girl",37472
1998,"WA","girl",37786
1999,"WA","girl",37644
2000,"WA","girl",38232
2001,"WA","girl",38931
2002,"WA","girl",38203
2003,"WA","girl",38461
2004,"WA","girl",39722
2005,"WA","girl",39507
2006,"WA","girl",42198
1981,"WI","girl",36863
1982,"WI","girl",36724
1983,"WI","girl",35970
1984,"WI","girl",34837
1985,"WI","girl",35477
1986,"WI","girl",35370
1987,"WI","girl",35028
1988,"WI","girl",35170
1989,"WI","girl",35548
1990,"WI","girl",36082
1991,"WI","girl",33848
1992,"WI","girl",33193
1993,"WI","girl",32003
1994,"WI","girl",31117
1995,"WI","girl",30248
1996,"WI","girl",29386
1997,"WI","girl",29124
1998,"WI","girl",29934
1999,"WI","girl",32051
2000,"WI","girl",33152
2001,"WI","girl",34043
2002,"WI","girl",34037
2003,"WI","girl",34164
2004,"WI","girl",34580
2005,"WI","girl",33712
2006,"WI","girl",34874
1981,"WV","girl",14484
1982,"WV","girl",14074
1983,"WV","girl",13578
1984,"WV","girl",12682
1985,"WV","girl",12303
1986,"WV","girl",11781
1987,"WV","girl",11200
1988,"WV","girl",10800
1989,"WV","girl",10593
1990,"WV","girl",10512
1991,"WV","girl",10587
1992,"WV","girl",10659
1993,"WV","girl",10446
1994,"WV","girl",10270
1995,"WV","girl",10235
1996,"WV","girl",9965
1997,"WV","girl",9913
1998,"WV","girl",9812
1999,"WV","girl",9882
2000,"WV","girl",10007
2001,"WV","girl",10143
2002,"WV","girl",10141
2003,"WV","girl",10306
2004,"WV","girl",10344
2005,"WV","girl",9832
2006,"WV","girl",10006
1981,"WY","girl",5304
1982,"WY","girl",5452
1983,"WY","girl",5485
1984,"WY","girl",5155
1985,"WY","girl",5041
1986,"WY","girl",4771
1987,"WY","girl",4293
1988,"WY","girl",3855
1989,"WY","girl",3561
1990,"WY","girl",3424
1991,"WY","girl",3210
1992,"WY","girl",3164
1993,"WY","girl",3078
1994,"WY","girl",3049
1995,"WY","girl",2991
1996,"WY","girl",3008
1997,"WY","girl",2968
1998,"WY","girl",2910
1999,"WY","girl",2892
2000,"WY","girl",2941
2001,"WY","girl",3014
2002,"WY","girl",3084
2003,"WY","girl",3291
2004,"WY","girl",3279
2005,"WY","girl",3428
2006,"WY","girl",3427
